[
  {
    "id": "81db1819-f3aa-4f53-8736-4e7d13d8ea91",
    "type": "Full Time",
    "url": "https://jobs.github.com/positions/81db1819-f3aa-4f53-8736-4e7d13d8ea91",
    "created_at": "Mon Oct 28 18:58:27 UTC 2019",
    "company": "The Public Theater",
    "company_url": null,
    "location": "New York",
    "title": "Web Developer",
    "description": "<p>The Public Theater seeks a Web Developer to join its Digital Engagement team!</p>\n<p>A subset of the Marketing and Communications department, the Digital Engagement team oversees the administration, development, and curation of The Public’s digital platforms, including our website (publictheater.org), our intranet, and our social media channels.</p>\n<p>The Public is a cultural institution dedicated to upholding principles of diversity, equity, and inclusion. The ideal candidate must be willing to investigate how those principles apply in the context of marketing and communications.</p>\n<p>RESPONSIBILITIES</p>\n<ul>\n<li>Designs, implements and supports new web features for the public facing website and internal tools.</li>\n<li>Develops and maintains front-end user interface designs using HTML, CSS, and JavaScript and back-end functionality in C#/ASP.NET.</li>\n<li>Integrates website with the Public Theater’s CRM, Tessitura, in collaboration with other Tessitura stakeholders.</li>\n<li>Aligns development timelines with priorities of the larger organization.</li>\n<li>Interacts with stakeholders across the organization, effectively communicating technical details to a non-technical audience.</li>\n<li>Works with the IT team to maintain the website’s IT infrastructure.</li>\n<li>Identifies opportunities to improve the web patron experience and recommends solutions.</li>\n<li>Optimizes the Episerver CMS user experience through trainings, customizations, and documentation.\nREQUIREMENTS\nCandidates must have a working knowledge of HTML, CSS and JavaScript, familiarity with JavaScript libraries (ex. jQuery, Vue, React), and working knowledge of a backend programming language (ex. C#, Java, Ruby, Python).  They should also have experience interfacing with a third party API,  an eye for web design, and strong debugging skills.</li>\n</ul>\n<p>We are looking for a self-starter with strong communication and project management skills. Must be able to approach their work with patience, diplomacy, and detail amidst a high-volume, fast-paced environment. Familiarity in the following platforms is ideal, but not required: Tessitura, Episerver, SQL, AWS, and/or Google Analytics.</p>\n<p>The Public is committed to creating a diverse and inclusive environment and is proud to be an equal opportunity employer. Applicants from populations underrepresented in the theater field are strongly encouraged to apply. All qualified applications will receive consideration for employment without regard to race, color, religion, gender, gender identity or expression, familial status, sexual orientation, national origin, ability, age, or veteran status.</p>\n<p>Please send cover letter, resume, and salary expectations to: <a href=\"mailto:jobs@publictheater.org\">jobs@publictheater.org</a></p>\n",
    "how_to_apply": "<p>Please send cover letter, resume, and salary expectations to: <a href=\"mailto:jobs@publictheater.org\">jobs@publictheater.org</a></p>\n",
    "company_logo": null
  },
  {
    "id": "b3704276-7ed7-4880-8d45-f35052964659",
    "type": "Full Time",
    "url": "https://jobs.github.com/positions/b3704276-7ed7-4880-8d45-f35052964659",
    "created_at": "Mon Oct 21 21:12:11 UTC 2019",
    "company": "Datadog",
    "company_url": "http:",
    "location": "NewYork",
    "title": "Software Engineer- Frontend",
    "description": "<p>Have you been writing beautiful web UIs for as long as you can remember? Are you excited about the rapid evolution of browser apps? Do typical shallow web opportunities out there leave you wanting for more?</p>\n<p>We’re on a mission to bring sanity to Dev &amp; Ops, and we need you to engineer engaging and usable UIs to effortlessly explore large amounts of data, and to help our users understand their infrastructure through interactive visualizations.</p>\n<p>What you will do</p>\n<ul>\n<li>Transform large and complex datasets to beautiful visualizations</li>\n<li>Implement compelling, usable UIs; contribute to their design; and engineer them with React and Redux</li>\n<li>Join a tightly knit team solving hard problems the right way</li>\n<li>Improve performance and address scalability limits</li>\n<li>Own meaningful parts of our service, have an impact, grow with the company</li>\n</ul>\n<p>What we're looking for</p>\n<ul>\n<li>You have been designing and engineering UIs for several years</li>\n<li>You’re a master of Javascript, HTML, and CSS and you’re aware of the latest trends with frontend technologies</li>\n<li>You know how to use design patterns to create simple and reusable components for complex UIs</li>\n<li>You are familiar with data structures and algorithms, profiling and optimization</li>\n<li>Your work or portfolio is visible online</li>\n<li>You value code simplicity, performance and details</li>\n<li>You want to work in a fast, high growth startup environment that respects its engineers and customers</li>\n</ul>\n<p>Bonus points</p>\n<ul>\n<li>You fell in love with D3 (we did)</li>\n<li>You’ve worked on a large application using React, Angular, Backbone, Ember, Flux, or Redux</li>\n<li>You write your Javascript in ES6 and Babel</li>\n<li>You enjoy writing Python, Ruby, C++, Rust or Go</li>\n</ul>\n",
    "how_to_apply": "<p><a href=\"https://grnh.se/f0a956961\">https://grnh.se/f0a956961</a></p>\n",
    "company_logo": "https://jobs.github.com/rails/active_storage/blobs/eyJfcmFpbHMiOnsibWVzc2FnZSI6IkJBaHBBakIxIiwiZXhwIjpudWxsLCJwdXIiOiJibG9iX2lkIn19--f1f0a28603d214045d8d3d943048caf0039fc5d2/dd_logo_v_rgb.png"
  },
  {
    "id": "cd535970-ec11-11e8-89ae-2e904411ec0e",
    "type": "Full Time",
    "url": "https://jobs.github.com/positions/cd535970-ec11-11e8-89ae-2e904411ec0e",
    "created_at": "Mon Nov 19 15:44:44 UTC 2018",
    "company": "Aon Cyber Solutions",
    "company_url": "http://www.strozfriedberg.com/careers",
    "location": "NY or LA",
    "title": "Cybersecurity Firm Seeks Senior Developer",
    "description": "<p>Aon Cyber Solutions is looking for a Senior Developer in NY or LA. As part of an industry-leading team, you will help empower results for our clients by delivering innovative and effective solutions supporting Risk.</p>\n<p>APPLY HERE: <a href=\"https://us-strozfriedberg-aon.icims.com/jobs/24315/senior-developer/job\">https://us-strozfriedberg-aon.icims.com/jobs/24315/senior-developer/job</a></p>\n<p>Position Overview\nJoin our expert software development team to create new customer-facing web applications. You will apply your expertise in web development and user interface design, working in concert with subject matter experts in digital forensics, incident response, cybersecurity, and threat intelligence. Your applications will convey deeply technical facts and analyses to a variety of consumers, from risk managers to subject matter experts to C-level executives.</p>\n<p>The responsibilities of this position include but are not limited to the following:</p>\n<ul>\n<li>Design and develop pioneering web applications that cross the boundaries of security assessment, digital forensics, incident response, malware analysis, cybersecurity, and cyberinsurance.</li>\n<li>Serve as a senior developer on multiple product teams.</li>\n<li>Create user interfaces, APIs, data visualizations, and reports that provide our clients with insight into complex narratives and data sets.</li>\n<li>Translate high-level requirements into working prototypes to generate user feedback and discussion.</li>\n<li>Adapt and apply cutting edge computer science to highly technical domains.</li>\n<li>Participate in code reviews, write test suites, profile components, and take ownership of our software, source code, tools, and processes.</li>\n<li>Mentor other developers.</li>\n<li>Contribute to a positive, collaborative culture for innovation.</li>\n</ul>\n<p>Requirements</p>\n<ul>\n<li>5+ years of software engineer experience.</li>\n<li>Proficiency in frontend technologies (React, Node.js, Webpack).     Experience working with relational and NoSQL databases.</li>\n<li>Strong knowledge of HTTP and REST web services implementation.</li>\n<li>Test driven development and unit testing frameworks.</li>\n<li>Modern DevOps experience.</li>\n<li>Standard software engineering tools (git, Jenkins, JIRA).</li>\n<li>The proven ability to see things as they should be, and to realize that vision.</li>\n<li>Comfort with agile development and remote team environments.</li>\n<li>Excellence in verbal and written communication.</li>\n</ul>\n<p>Desired Skills</p>\n<ul>\n<li>TypeScript</li>\n<li>Python 3 and web frameworks such as Django or Flask.</li>\n<li>SQL &amp; relational database modeling.</li>\n<li>Experience in deployment to AWS, especially serverless technologies.</li>\n<li>Strong knowledge of JWT and various web security models.</li>\n<li>D3.js, Vega, Bokeh, Leaflet, and other browser visualization libraries.   Experiment-driven design and iterative features-based development (A/B testing, etc.).</li>\n<li>ElasticSearch, Apache Kafka, AWS Kinesis, PostgreSQL, AWS Aurora.</li>\n<li>Java 8 and other JVM-based languages.</li>\n<li>Performance monitoring and optimization.</li>\n<li>Mobile development using Native or Cross-platform (Xamarin, Ionic, React Native).</li>\n</ul>\n<p>Education Required</p>\n<ul>\n<li>BS or BA in Computer Science, Mathematics, or Statistics, or equivalent experience.</li>\n</ul>\n",
    "how_to_apply": "<p>APPLY HERE: <a href=\"https://us-strozfriedberg-aon.icims.com/jobs/24315/senior-developer/job\">https://us-strozfriedberg-aon.icims.com/jobs/24315/senior-developer/job</a></p>\n",
    "company_logo": null
  },
  {
    "id": "4cd29974-e48b-11e8-8478-fb9810f86b79",
    "type": "Full Time",
    "url": "https://jobs.github.com/positions/4cd29974-e48b-11e8-8478-fb9810f86b79",
    "created_at": "Sat Nov 10 02:02:55 UTC 2018",
    "company": "Sesame",
    "company_url": "http://sesamecare.com",
    "location": "New York; Berlin",
    "title": "Software engineer (back end)",
    "description": "<p>We’re Sesame and we’re building a transformative health care platform that makes it easier and more affordable for all Americans to access high-quality health care.</p>\n<p>Our all-star team is primed for the journey of re-shaping American health care to put people like you and your family first. Unaffordable health care that’s hard to navigate is what keeps us up at night.</p>\n<p>We believe everyone should be able to get high-quality care for a fair price. That’s why we’re working with doctors who share our vision for giving people a better way to get the care they need without the stress, frustrations, and rip-offs of the current health care system.</p>\n<p>We’re passionate about building a new kind of health care economy that works for everyday people, and this is just the beginning.</p>\n<p>We must be on to something, since we’re proud to say:</p>\n<ul>\n<li>We have engineering teams in New York and Berlin</li>\n<li>We've raised millions in funding to grow U.S. operations.</li>\n</ul>\n<p>Want to help? Join our team. We are a small group of engineers, but we’re growing and looking for experienced back end engineers with a focus on Java to expand our ranks here in New York and Berlin.</p>\n<p><strong>About you:</strong></p>\n<ul>\n<li>Comfortable with Java and microservices.</li>\n<li>You seek and prefer simple solutions to complex problems.</li>\n<li>You strive to write clean, quality code and enjoy doing it.</li>\n<li>You maintain a healthy balance between perfectionism and actually getting stuff done.</li>\n<li>You either have experience with the technologies we currently use (or a strong interest in them) and the curiosity to learn new languages and frameworks.</li>\n<li>You love developing software. You have 2+ years of industry experience.</li>\n<li>You are a strong team player, have strong writing skills, and enjoy collaborating with others.</li>\n<li>You are attuned to the fundamentals of user design and user experience.</li>\n</ul>\n<p><strong>Our technology stack includes:</strong></p>\n<ul>\n<li>Java 10</li>\n<li>Spring Boot</li>\n<li>Kubernetes</li>\n<li>Docker</li>\n<li>GraphQL</li>\n<li>Pub/Sub</li>\n<li>Postgres</li>\n<li>Python</li>\n<li>NodeJs</li>\n</ul>\n<p><strong>Our Offer:</strong>\nWorking with us means you will be challenged every day by our customers, our partners, and your peers. You can be yourself, speak freely, be trusted and respected.</p>\n<p><strong>Perks:</strong>\nCompetitive total compensation package with generous equity.\nGenerous, flexible vacation policy.\nA fun and international work environment with teams in New York and Europe.\nThe opportunity to work independently and occasionally remotely.\nThe chance to learn first-hand about the biggest industry in the world.</p>\n<p>Sesame is an equal opportunity employer and we value diversity at our company. We do not discriminate on the basis of race, religion, color, national origin, gender, sexual orientation, age, marital status, veteran status, or disability status.</p>\n",
    "how_to_apply": "<p><a href=\"https://jobs.lever.co/sesamecare/26d259b5-5bcc-4ee9-a5d0-068d9c856381?lever-origin=applied&amp;lever-source%5B%5D=GitHub\">https://jobs.lever.co/sesamecare/26d259b5-5bcc-4ee9-a5d0-068d9c856381?lever-origin=applied&amp;lever-source%5B%5D=GitHub</a></p>\n",
    "company_logo": "https://jobs.github.com/rails/active_storage/blobs/eyJfcmFpbHMiOnsibWVzc2FnZSI6IkJBaHBBcWRXIiwiZXhwIjpudWxsLCJwdXIiOiJibG9iX2lkIn19--bfdeee729a4dbb9e1851c0362a1cf73bf3b6c646/03acb87e-f369-4964-950b-80043ff18ae1"
  },
  {
    "id": "dc428b94-e42e-11e8-91e2-23879ca9e8b0",
    "type": "Full Time",
    "url": "https://jobs.github.com/positions/dc428b94-e42e-11e8-91e2-23879ca9e8b0",
    "created_at": "Fri Nov 09 14:51:11 UTC 2018",
    "company": "New York University",
    "company_url": null,
    "location": "New York, New York 10001",
    "title": "Technology Solutions Developer",
    "description": "<p>As a member of the Technology Development Group, the Technology Solutions Developer is responsible for designing, implementing, and testing a wide variety of web applications, and supporting the School of Law's web presence, including academic and administrative functions. The responsibilities range from designing and developing end-to-end applications, planning and developing new site features, and extending existing applications to keeping web systems up-to-date, and integrating 3rd party applications with the school's application stack. The role requires excellent technical skills, analytical and creative problem solving skills, an ability to work independently or with a group, initiative, and high personal standards for quality work.</p>\n<p>US</p>\n<p>The Technology Development Group at NYU School of Law is a small, versatile, full stack development team. The vast majority of our development is in C#/.NET, with additional projects in PHP (Laravel) … both using Vue as our front-end framework.</p>\n<p>Our group develops and supports the school's website (Drupal), micro sites (usually WordPress), reporting, and administrative applications (both internal and public). We've been known to divert our energies towards improving our supporting infrastructure, and now run many of our services using Docker/Kubernetes/Terraform, and that only as part of our growing AWS presence. We're usually getting ourselves into trouble with interesting projects.</p>\n<p>YOU</p>\n<p>We're looking to add a developer who is flexible enough to code across different environments. Maybe you have experience in another language and are looking to switch it up. You're already good, but want to be better … and you want to learn new things and grow. Regardless, have an opinion, because we genuinely want to hear it!</p>\n<p>WHY</p>\n<p>As an employee of NYU Law, you would receive NYU's benefits (<a href=\"https://www.nyu.edu/employees/benefit.html\">https://www.nyu.edu/employees/benefit.html</a>), including excellent health coverage, retirement plans, and tuition remission. You would be part of a team of creative, talented technologists who continue to make NYU Law one of the top law schools in the country! Finally, you will be given the opportunity to become the professional you want to be, working with the tools you want to work with.</p>\n<p>Required Education:\nBachelor's degree.</p>\n<p>Required Experience:\n2-4 years' experience and expertise in working with high level languages such as: C#, PHP, Python, or Ruby; fluency in HTML, CSS, JavaScript; and familiarity with the general principles of system and network administration; direct experience with the all components of the LAMP stack and content management frameworks, such as Drupal and WordPress.</p>\n<p>Preferred Experience:\nExperience with a web development framework such as: .NET, Laravel, Django, or Rails. Experience with a JavaScript framework such as Vue, Angular, or React.</p>\n<p>Required Skills, Knowledge and Abilities:\nExcellent interpersonal and communication skills; ability and drive to learn new technologies and proactively look for ways to improve the School of Law's applications and web infrastructure.</p>\n<p>Preferred Skills, Knowledge and Abilities:\nKnowledge of module or plugin development for these frameworks is a plus. Fundamental knowledge of distributed version control systems and familiarity with one or more contemporary version control systems (e.g. Git/Mercurial/SVN)</p>\n<p>EOE/AA/Minorities/Females/Vet/Disabled/Sexual Orientation/Gender Identity</p>\n<p>Apply Here: <a href=\"http://www.Click2apply.net/cyg9sy9m99zdm9v2\">http://www.Click2apply.net/cyg9sy9m99zdm9v2</a></p>\n<p>PI105491972</p>\n",
    "how_to_apply": "<p>Apply Here: <a href=\"http://www.Click2apply.net/cyg9sy9m99zdm9v2\">http://www.Click2apply.net/cyg9sy9m99zdm9v2</a></p>\n",
    "company_logo": null
  }
]